{
    "first": {
        "links": [
            "<a href='https://heinonline.org/hol-cgi-bin/get_pdf.cgi?handle=hein.journals/pnlr99&section=25'>Problem of First Degree Murder: Fisher v. United States</a>",
            "<a href='https://www.journals.uchicago.edu/doi/abs/10.1086/374707'>Sentencing in homicide cases and the role of vengeance</a>",
            "<a href='https://heinonline.org/hol-cgi-bin/get_pdf.cgi?handle=hein.journals/ajcl4&section=21'>Felony-Murder in the New Criminal Codes</a>",
            "<a href='https://heinonline.org/hol-cgi-bin/get_pdf.cgi?handle=hein.journals/ylr56&section=58'>Mental disorder affecting the degree of a crime</a>",
            "<a href='https://heinonline.org/hol-cgi-bin/get_pdf.cgi?handle=hein.journals/gmlr20&section=5'>Sentenced to confusion: Miller v. Alabama and the coming wave of Eighth Amendment Cases</a>",
            "<a href='http://journals.sagepub.com/doi/pdf/10.1177/000271625228400102'>Extent and trend of capital crimes in the United States</a>"
        ]
    },
    "second": {
        "links": [
            "<a href='https://heinonline.org/hol-cgi-bin/get_pdf.cgi?handle=hein.journals/scal9&section=19'>What is Second Degree Murder in California</a>",
            "<a href='https://www.jstor.org/stable/1141591'>A study in capital punishment</a>",
            "<a href='https://heinonline.org/hol-cgi-bin/get_pdf.cgi?handle=hein.journals/jmlr20&section=18'>An Analysis of Illinois' New Offense of Second Degree Murder</a>",
            "<a href='https://heinonline.org/hol-cgi-bin/get_pdf.cgi?handle=hein.journals/luclj19&section=38'>Second Degree Murder Replaces Voluntary Manslaughter in Illinois</a>",
            "<a href='https://heinonline.org/hol-cgi-bin/get_pdf.cgi?handle=hein.journals/creigh30&section=11'>The Second Degree Murder Doctrine in Nebraska</a>",
            "<a href='https://heinonline.org/hol-cgi-bin/get_pdf.cgi?handle=hein.journals/nebklr76&section=22'>Second Degree Murder, Malice, and Manslaughter in Nebraska</a>"
        ]
    },
    "third": {
        "links": [
            "<a href=\"https://www.jstor.org/stable/2095088\" data-clk=\"hl=en&amp;sa=T&amp;ct=res&amp;cd=0&amp;d=16874077563386371131&amp;ei=J_-wW8aoNorKyQSJqLfgCQ\">Racial characteristics and the imposition of the death penalty</a>",
            "<a href=\"https://heinonline.org/hol-cgi-bin/get_pdf.cgi?handle=hein.journals/pnlr99&amp;section=25\" data-clk=\"hl=en&amp;sa=T&amp;ct=res&amp;cd=1&amp;d=1171013143357675705&amp;ei=J_-wW8aoNorKyQSJqLfgCQ\">Problem of First <b>Degree Murder</b>: Fisher v. United States</a>",
            "<a href=\"https://www.jstor.org/stable/1227520\" data-clk=\"hl=en&amp;sa=T&amp;ct=res&amp;cd=2&amp;d=10541173287426904264&amp;ei=J_-wW8aoNorKyQSJqLfgCQ\">Study of the California penalty jury in first-<b>degree</b>-<b>murder </b>cases</a>",
            "<a href=\"https://www.jstor.org/stable/1141591\" data-clk=\"hl=en&amp;sa=T&amp;ct=res&amp;cd=3&amp;d=14518258153469571615&amp;ei=J_-wW8aoNorKyQSJqLfgCQ\">A study in capital punishment</a>",
            "<a href=\"https://heinonline.org/hol-cgi-bin/get_pdf.cgi?handle=hein.journals/ajcl4&amp;section=21\" data-clk=\"hl=en&amp;sa=T&amp;ct=res&amp;cd=4&amp;d=4767516005255217688&amp;ei=J_-wW8aoNorKyQSJqLfgCQ\">Felony-<b>Murder </b>in the New Criminal Codes</a>",
            "<a href=\"https://heinonline.org/hol-cgi-bin/get_pdf.cgi?handle=hein.journals/nmlr18&amp;section=8\" data-clk=\"hl=en&amp;sa=T&amp;ct=res&amp;cd=5&amp;d=10283456094254260364&amp;ei=J_-wW8aoNorKyQSJqLfgCQ\">A Critique of the Willful, Deliberate, and Premeditated Formula for Distinguishing Between First and Second <b>Degree Murder </b>in New Mexico</a>",
            "<a href=\"https://heinonline.org/hol-cgi-bin/get_pdf.cgi?handle=hein.journals/scal9&amp;section=19\" data-clk=\"hl=en&amp;sa=T&amp;ct=res&amp;cd=6&amp;d=16145585512269872594&amp;ei=J_-wW8aoNorKyQSJqLfgCQ\">What is Second <b>Degree Murder </b>in California</a>",
            "<a href=\"https://link.springer.com/article/10.1007/BF01067051\" data-clk=\"hl=en&amp;sa=T&amp;ct=res&amp;cd=7&amp;d=14414475460018521657&amp;ei=J_-wW8aoNorKyQSJqLfgCQ\">When crimes are joined at trial</a>",
            "<a href=\"https://www.jstor.org/stable/1599157\" data-clk=\"hl=en&amp;sa=T&amp;ct=res&amp;cd=8&amp;d=2864197110287971513&amp;ei=J_-wW8aoNorKyQSJqLfgCQ\">Punishing homicide in Philadelphia: Perspectives on the death penalty</a>",
            "<a href=\"http://psycnet.apa.org/fulltext/2005-16405-009.html\" data-clk=\"hl=en&amp;sa=T&amp;ct=res&amp;cd=9&amp;d=3462564643058484021&amp;ei=J_-wW8aoNorKyQSJqLfgCQ\">The prediction of violence and homicide in young men.</a>"
        ]
    }
}