[
    {
        "input": "hi",
        "output": "Hi there <br/> How can i help you today?"
    },
    {
        "input": "hello",
        "output": "Hello there <br/> How can i help you today?"
    },
    {
        "input": "hey",
        "output": "Hey there <br/> How can i help you today?"
    },
    {
        "input": "first degree",
        "output": "first degree murder"
    },
    {
        "input": "second degree",
        "output": "second degree murder"
    },    
    {
        "input": "first",
        "output": "first degree murder"
    },
    {
        "input": "second",
        "output": "second degree murder"
    },    
    {
        "input": [
            ""
        ],
        "output": "Sorry i don't have information on that."
    }
]